name,age,birthday_GMT,season,position,Current Club,minutes_played_overall,nationality,appearances_overall,goals_overall,assists_overall,penalty_goals,penalty_misses,clean_sheets_overall,conceded_overall,yellow_cards_overall,red_cards_overall,jersey,playstyle
Aaron Cresswell,32,15-12-1989,2018/2019,Defender,West Ham United,1589,England,20,0,1,0,0,3,22,1,0,3,Offensive Fullback
Aaron Lennon,35,16-04-1987,2018/2019,Midfielder,Burnley,1217,England,16,1,1,0,0,4,20,1,0,25,Speedy Winger
Aaron Mooy,32,15-09-1990,2018/2019,Midfielder,Huddersfield Town,2327,Australia,29,3,1,1,0,4,46,4,0,18,Orchestrator
Aaron Ramsey,31,26-12-1990,2018/2019,Midfielder,Arsenal,1327,Wales,28,4,6,0,0,7,12,0,0,16,Box-to-Box Midfielder
Aaron Rowe,22,07-09-2000,2018/2019,Forward,Huddersfield Town,69,England,2,0,0,0,0,0,1,0,0,40,Defensive Fullback
Aaron Wan-Bissaka,24,26-11-1997,2018/2019,Midfielder,Crystal Palace,3135,England,35,0,3,0,0,12,41,5,1,29,Aggressive Full-back
Abdelhamid Sabiri,25,28-11-1996,2018/2019,Midfielder,Huddersfield Town,49,Morocco,2,0,0,0,0,0,3,0,0,6,Creative Playmaker
Abdoulaye Doucoure,29,01-01-1993,2018/2019,Midfielder,Watford,3062,France,35,5,6,0,0,5,54,7,0,16,Ball-Winning Midfielder
Aboubakar Kamara,27,07-03-1995,2018/2019,Forward,Fulham,687,France,13,3,0,1,1,2,16,2,0,47,Powerful Forward
Adalberto Penaranda Maestre,25,31-05-1997,2018/2019,Forward,Watford,0,Venezuela,0,0,0,0,0,0,0,0,0,47,Trickster
Adam Lallana,34,10-05-1988,2018/2019,Midfielder,Liverpool,465,England,13,0,0,0,0,6,2,1,0,37,Deep Lying Playmaker
Adam Masina,28,02-01-1994,2018/2019,Defender,Watford,1003,Italy,14,0,1,0,0,2,19,5,0,20,Wing-Back
Adam Smith,31,29-04-1991,2018/2019,Defender,AFC Bournemouth,2073,England,25,1,1,0,0,9,30,6,1,11,Offensive Fullback
Adama Diakhaby,26,05-07-1996,2018/2019,Forward,Huddersfield Town,551,France,12,0,0,0,0,1,16,1,0,21,Speedy Winger
Adama Traore,26,25-01-1996,2018/2019,Midfielder,Wolverhampton Wanderers,890,Spain,29,1,1,0,0,6,11,1,0,13,Powerful Winger
Ademola Lookman,25,20-10-1997,2018/2019,Forward,Everton,601,England,21,0,2,0,0,8,7,0,0,27,Speedy Winger
Adrian,35,03-01-1987,2018/2019,Goalkeeper,West Ham United,0,Spain,0,0,0,0,0,0,0,0,0,10,Offensive Goalkeeper
Adrian Mariappa,36,03-10-1986,2018/2019,Defender,Watford,1921,Jamaica,26,0,0,0,0,6,29,3,0,25,Ball-Playing Defender
Adrien Sebastian Perruchet Silva,33,15-03-1989,2018/2019,Midfielder,Leicester City,88,Portugal,2,0,0,0,0,1,1,0,0,8,Orchestrator
Ainsley Maitland-Niles,25,29-08-1997,2018/2019,Midfielder,Arsenal,985,England,16,1,1,0,0,4,16,3,1,47,Versatile Midfielder
Alberto Moreno,30,05-07-1992,2018/2019,Defender,Liverpool,155,Spain,2,0,0,0,0,0,2,0,0,4,Attacking Full-back
Aleksandar Mitrovic,28,16-09-1994,2018/2019,Forward,Fulham,3282,Serbia,37,11,3,1,0,5,74,7,0,7,Target Man
Alex Iwobi,26,03-05-1996,2018/2019,Forward,Arsenal,1972,Nigeria,35,3,6,0,0,8,31,0,0,14,Creative Playmaker
Alex McCarthy,32,03-12-1989,2018/2019,Goalkeeper,Southampton,2250,England,25,0,0,0,0,4,37,1,0,18,Sweeper-Keeper
Alex Oxlade-Chamberlain,29,15-08-1993,2018/2019,Midfielder,Liverpool,19,England,2,0,0,0,0,2,0,0,0,37,Box-to-Box Midfielder
Alex Pritchard,29,03-05-1993,2018/2019,Midfielder,Huddersfield Town,2092,England,30,2,0,0,0,4,39,2,0,14,Classic No.10
Alex Smithies,32,05-03-1990,2018/2019,Goalkeeper,Cardiff City,0,England,0,0,0,0,0,0,0,0,0,5,Defensive Goalkeeper
Alexander Sorloth,26,05-12-1995,2018/2019,Forward,Crystal Palace,173,Norway,12,0,0,0,0,4,1,0,0,13,Target Man
Alexandre Lacazette,31,28-05-1991,2018/2019,Forward,Arsenal,2503,France,35,13,8,0,0,7,28,2,0,25,Poacher
Alexandre Nascimento Costa Silva,25,16-03-1997,2018/2019,Forward,West Ham United,17,Portugal,1,0,0,0,0,0,0,0,0,10,Anchor Man
Alexis Sanchez,33,19-12-1988,2018/2019,Forward,Manchester United,877,Chile,20,1,3,0,0,6,8,3,0,19,Trickster
Alfie Jones,25,07-10-1997,2018/2019,Defender,Southampton,0,England,0,0,0,0,0,0,0,0,0,23,Destroyer
Alfie Mawson,28,19-01-1994,2018/2019,Defender,Fulham,1131,England,15,0,0,0,0,3,25,2,0,14,Ball-Playing Defender
Alfie Whiteman,24,02-10-1998,2018/2019,Goalkeeper,Tottenham Hotspur,0,England,0,0,0,0,0,0,0,0,0,21,Defensive Goalkeeper
Ali Koiki,22,22-08-2000,2018/2019,Defender,Burnley,0,England,0,0,0,0,0,0,0,0,0,37,Speedy Winger
Alireza Jahanbakhsh,29,11-08-1993,2018/2019,Forward,Brighton & Hove Albion,1022,Iran,19,0,0,0,0,4,16,2,0,25,Speedy Winger
Alisson Becker,30,02-10-1992,2018/2019,Goalkeeper,Liverpool,3420,Brazil,38,0,0,0,0,21,19,1,0,4,Offensive Goalkeeper
Alvaro Morata,30,23-10-1992,2018/2019,Forward,Chelsea,943,Spain,16,5,0,0,0,9,11,3,0,2,Finishing Striker
Ander Herrera,33,14-08-1989,2018/2019,Midfielder,Manchester United,1404,Spain,22,2,3,0,0,6,17,4,0,1,Deep Lying Playmaker
Andre Gomes,29,30-07-1993,2018/2019,Midfielder,Everton,1986,Portugal,27,1,1,0,0,10,27,7,0,23,Box-to-Box Midfielder
Andre Gray,31,26-06-1991,2018/2019,Forward,Watford,1358,England,29,7,2,0,0,5,23,2,0,3,Wide Target
Andre Schurrle,31,06-11-1990,2018/2019,Midfielder,Fulham,1650,Germany,24,6,0,0,0,1,42,2,0,10,Creative Playmaker
Andre-Frank Zambo Anguissa,26,16-11-1995,2018/2019,Midfielder,Fulham,1518,Cameroon,22,0,0,0,0,3,30,3,1,21,Ball-Winning Midfielder
Andreas Christensen,26,10-04-1996,2018/2019,Defender,Chelsea,615,Denmark,8,0,0,0,0,3,7,1,0,8,Ball-Playing Defender
Andreas Pereira,26,01-01-1996,2018/2019,Midfielder,Manchester United,595,Brazil,15,1,1,0,0,1,10,5,0,13,Box-to-Box Midfielder
Andrew Robertson,28,11-03-1994,2018/2019,Defender,Liverpool,3219,Scotland,36,0,11,0,0,21,17,4,0,29,Attacking Full-back
Andrew Surman,36,20-08-1986,2018/2019,Midfielder,AFC Bournemouth,1438,England,18,0,0,0,0,5,35,2,0,15,Deep Lying Playmaker
Andriy Yarmolenko,33,23-10-1989,2018/2019,Forward,West Ham United,459,Ukraine,9,2,0,0,0,1,4,2,0,23,Inside Winger
Andros Townsend,31,16-07-1991,2018/2019,Midfielder,Crystal Palace,3018,England,38,6,4,0,0,12,44,1,0,6,Speedy Winger
Andy Carroll,33,06-01-1989,2018/2019,Forward,West Ham United,454,England,12,0,0,0,0,2,6,2,0,23,Target Man
Angel Gomes,22,31-08-2000,2018/2019,Midfielder,Manchester United,25,England,2,0,0,0,0,0,1,0,0,5,Orchestrator
Angelo Ogbonna,34,23-05-1988,2018/2019,Defender,West Ham United,1870,Italy,24,1,1,0,0,3,32,2,0,23,Ball-Playing Defender
Angus Gunn,26,22-01-1996,2018/2019,Goalkeeper,Southampton,1080,England,12,0,0,0,0,3,17,0,0,27,Defensive Goalkeeper
Anthony Driscoll-Glennon,22,26-11-1999,2018/2019,Defender,Burnley,0,England,0,0,0,0,0,0,0,0,0,18,Destroyer
Anthony Knockaert,30,20-11-1991,2018/2019,Midfielder,Brighton & Hove Albion,1832,France,30,2,6,0,0,3,36,5,1,21,Creative Playmaker
Anthony Martial,26,05-12-1995,2018/2019,Forward,Manchester United,1623,France,27,10,2,1,0,5,25,2,0,22,False 9
Antonio Barreca,27,18-03-1995,2018/2019,Defender,Newcastle United,4,Italy,1,0,0,0,0,0,0,0,0,14,Offensive Fullback
Antonio Rudiger,29,03-03-1993,2018/2019,Defender,Chelsea,2874,Germany,33,1,0,0,0,12,34,7,0,6,Ball-Playing Defender
Antonio Valencia,37,04-08-1985,2018/2019,Defender,Manchester United,466,Ecuador,6,0,0,0,0,2,5,2,0,1,Wing-Back
Arijanet Muric,23,07-11-1998,2018/2019,Goalkeeper,Manchester City,0,Montenegro,0,0,0,0,0,0,0,0,0,4,Defensive Goalkeeper
Aron Einar Gunnarsson,33,22-04-1989,2018/2019,Midfielder,Cardiff City,2274,Iceland,28,1,1,0,0,8,37,5,0,24,Anchor Man
Arthur Masuaku,28,07-11-1993,2018/2019,Defender,West Ham United,1756,France,23,0,1,0,0,6,26,2,0,23,Offensive Fullback
Artur Boruc,42,20-02-1980,2018/2019,Goalkeeper,AFC Bournemouth,1080,Poland,12,0,0,0,0,4,17,2,0,5,Offensive Goalkeeper
Ashley Barnes,32,30-10-1989,2018/2019,Forward,Burnley,2400,England,37,12,2,2,0,8,34,8,0,9,Fox in the Box
Ashley Westwood,32,01-04-1990,2018/2019,Midfielder,Burnley,2822,England,34,2,7,0,0,7,44,5,0,3,Deep Lying Playmaker
Ashley Young,37,09-07-1985,2018/2019,Midfielder,Manchester United,2568,England,30,2,2,0,0,4,41,10,1,33,Versatile Midfielder
Asmir Begovic,35,20-06-1987,2018/2019,Goalkeeper,AFC Bournemouth,2160,Bosnia and Herzegovina,24,0,0,0,0,5,44,0,0,13,Sweeper-Keeper
Aymeric Laporte,28,27-05-1994,2018/2019,Defender,Manchester City,3057,France,35,3,3,0,0,18,21,3,0,11,Ball-Playing Defender
Ayoze Perez,29,29-07-1993,2018/2019,Forward,Newcastle United,2929,Spain,37,12,2,0,0,11,34,2,0,12,Poacher
Bakary Sako,34,26-04-1988,2018/2019,Midfielder,Crystal Palace,25,Mali,4,0,0,0,0,1,0,0,0,8,Wide Target
Ben Chilwell,25,21-12-1996,2018/2019,Defender,Leicester City,3240,England,36,0,4,0,0,10,39,4,0,1,Attacking Full-back
Ben Davies,29,24-04-1993,2018/2019,Defender,Tottenham Hotspur,1839,Wales,27,0,0,0,0,10,24,2,0,11,Ball-Playing Defender
Ben Foster,39,03-04-1983,2018/2019,Goalkeeper,Watford,3420,England,38,0,0,0,0,7,57,1,0,12,Sweeper-Keeper
Ben Gibson,29,15-01-1993,2018/2019,Defender,Burnley,63,England,1,1,0,0,0,0,3,1,0,1,Ball-Playing Defender
Ben Hamer,34,20-11-1987,2018/2019,Goalkeeper,Huddersfield Town,553,England,7,0,0,0,0,1,20,0,0,17,Defensive Goalkeeper
Ben Johnson,22,24-01-2000,2018/2019,Forward,West Ham United,63,England,1,0,0,0,0,0,1,0,0,8,Offensive Fullback
Ben Mee,33,21-09-1989,2018/2019,Defender,Burnley,3420,England,38,0,2,0,0,8,57,9,0,3,Ball-Playing Defender
Ben White,25,08-10-1997,2018/2019,Defender,Brighton & Hove Albion,0,England,0,0,0,0,0,0,0,0,0,16,Ball-Playing Defender
Ben Wilmot,23,04-11-1999,2018/2019,Defender,Watford,26,England,2,0,0,0,0,1,2,0,0,6,Ball-Playing Defender
Benjamin Mendy,28,17-07-1994,2018/2019,Defender,Manchester City,900,France,10,0,5,0,0,4,6,1,0,22,Offensive Fullback
Beram Kayal,34,02-05-1988,2018/2019,Midfielder,Brighton & Hove Albion,934,Israel,18,1,1,0,0,5,15,4,0,9,Anchor Man
Bernard Anicio Caldeira Duarte,30,08-09-1992,2018/2019,Midfielder,Everton,2128,Brazil,34,1,3,0,0,14,19,5,0,31,Trickster
Bernardo,27,14-05-1995,2018/2019,Defender,Brighton & Hove Albion,1750,Brazil,22,0,1,0,0,4,28,4,0,15,Orchestrator
Bernardo Silva,28,10-08-1994,2018/2019,Midfielder,Manchester City,2853,Portugal,36,7,7,0,0,18,22,3,0,9,Creative Playmaker
Bernd Leno,30,04-03-1992,2018/2019,Goalkeeper,Arsenal,2835,Germany,32,0,0,0,0,7,39,0,0,14,Offensive Goalkeeper
Bobby Reid,29,02-02-1993,2018/2019,Midfielder,Cardiff City,1422,England,27,5,2,1,0,6,27,0,0,17,Finishing Striker
Brian Murphy,39,07-05-1983,2018/2019,Goalkeeper,Cardiff City,0,Republic of Ireland,0,0,0,0,0,0,0,0,0,2,Defensive Goalkeeper
Bright Enobakhare,24,08-02-1998,2018/2019,Forward,Wolverhampton Wanderers,0,England,0,0,0,0,0,0,0,0,0,22,Speedy Winger
Bruno Ecuele Manga,34,16-07-1988,2018/2019,Defender,Cardiff City,3375,Gabon,38,0,1,0,0,10,59,0,0,4,Ball-Playing Defender
Bruno Saltor Grau,42,01-10-1980,2018/2019,Defender,Brighton & Hove Albion,1136,Spain,14,0,1,0,0,4,17,2,0,14,Ball-Playing Defender
Caglar Soyuncu,26,23-05-1996,2018/2019,Defender,Leicester City,371,Turkey,6,0,0,0,0,2,3,1,0,30,Ball-Playing Defender
Callum Hudson-Odoi,21,07-11-2000,2018/2019,Midfielder,Chelsea,391,England,10,0,1,0,0,3,5,0,0,22,Speedy Winger
Callum Paterson,28,13-10-1994,2018/2019,Defender,Cardiff City,1996,Scotland,27,4,1,0,0,7,37,4,0,13,Target Man
Callum Roberts,25,14-04-1997,2018/2019,Forward,Newcastle United,0,England,0,0,0,0,0,0,0,0,0,5,Box-to-Box Mid
Callum Slattery,23,08-02-1999,2018/2019,Midfielder,Southampton,110,England,3,0,0,0,0,0,0,0,0,18,Target Man
Callum Wilson,30,27-02-1992,2018/2019,Forward,AFC Bournemouth,2535,England,30,14,9,1,1,9,44,3,0,1,Attacking Playmaker
Calum Chambers,27,20-01-1995,2018/2019,Defender,Fulham,2587,England,31,2,0,0,0,5,49,9,0,25,Versatile Defender
Cameron John,23,24-08-1999,2018/2019,Defender,Wolverhampton Wanderers,0,England,0,0,0,0,0,0,0,0,0,7,Ball-Winning Midfielder
Carl Jenkinson,30,08-02-1992,2018/2019,Defender,Arsenal,166,England,3,0,0,0,0,0,2,0,0,23,Solid Defender
Carlos Sanchez,36,06-02-1986,2018/2019,Midfielder,West Ham United,240,Colombia,7,0,0,0,0,2,2,0,0,2,Defensive Midfielder
Cedric Soares,31,31-08-1991,2018/2019,Defender,Southampton,1494,Portugal,18,1,2,0,0,5,26,4,0,6,Attacking Full-back
Cenk Tosun,31,07-06-1991,2018/2019,Forward,Everton,1050,Turkey,25,3,3,0,0,7,16,3,0,7,Target Man
Cesar Azpilicueta,33,28-08-1989,2018/2019,Defender,Chelsea,3403,Spain,38,1,5,0,0,16,38,4,0,26,Complete Defender
Cesc Fabregas,35,04-05-1987,2018/2019,Midfielder,Chelsea,175,Spain,6,0,0,0,0,3,2,1,0,31,Deep-Lying Playmaker
Charlie Austin,33,05-07-1989,2018/2019,Forward,Southampton,980,England,25,2,2,0,1,6,14,1,0,1,Poacher
Charlie Daniels,36,07-09-1986,2018/2019,Defender,AFC Bournemouth,1583,England,21,1,0,0,0,6,32,4,0,3,Attacking Full-back
Charlie Taylor,29,18-09-1993,2018/2019,Defender,Burnley,3240,England,38,0,1,0,0,8,53,2,0,1,Energetic Full-back
Cheikhou Kouyate,32,21-12-1989,2018/2019,Midfielder,Crystal Palace,1897,Senegal,31,0,2,0,0,11,24,3,0,14,Defensive Midfielder
Chris Lowe,33,16-04-1989,2018/2019,Defender,Huddersfield Town,2056,Germany,29,0,2,0,0,1,52,2,0,24,Crossing Specialist
Chris Mepham,24,05-11-1997,2018/2019,Defender,AFC Bournemouth,849,Wales,13,0,1,0,0,3,16,1,0,8,Ball-Playing Defender
Chris Smalling,32,22-11-1989,2018/2019,Defender,Manchester United,2128,England,24,1,0,0,0,4,34,1,0,1,Ball-Winning Defender
Chris Wood,30,07-12-1991,2018/2019,Forward,Burnley,2582,New Zealand,38,10,2,0,0,8,43,2,0,9,Target Man
Christian Atsu Twasam,30,10-01-1992,2018/2019,Midfielder,Newcastle United,1487,Ghana,28,1,0,0,0,8,16,2,0,15,Winger
Christian Benteke,31,03-12-1990,2018/2019,Forward,Crystal Palace,813,Belgium,16,1,1,0,0,5,10,1,0,23,Target Man
Christian Eriksen,30,14-02-1992,2018/2019,Midfielder,Tottenham Hotspur,2772,Denmark,35,8,12,0,0,10,34,3,0,6,Creative Midfielder
Christian Fuchs,36,07-04-1986,2018/2019,Defender,Leicester City,206,Austria,3,0,0,0,0,0,4,0,0,23,Crossing Specialist
Christian Kabasele,31,24-02-1991,2018/2019,Defender,Watford,1587,Belgium,21,0,0,0,0,4,25,4,1,5,Aerial Threat
Christopher Schindler,32,29-04-1990,2018/2019,Defender,Huddersfield Town,3262,Germany,37,1,0,0,0,5,69,6,1,23,Ball-Playing Defender
Ciaran Clark,33,26-09-1989,2018/2019,Defender,Newcastle United,857,Republic of Ireland,11,3,0,0,0,2,14,1,0,27,Ball-Playing Defender
Claudio Bravo,39,13-04-1983,2018/2019,Goalkeeper,Manchester City,0,Chile,0,0,0,0,0,0,0,0,0,18,Sweeping Keeper
Collin Quaner,31,18-06-1991,2018/2019,Forward,Huddersfield Town,37,Germany,2,0,0,0,0,0,2,0,0,21,Winger
Connor Wickham,29,31-03-1993,2018/2019,Forward,Crystal Palace,61,England,6,0,1,0,0,2,0,0,0,22,Target Man
Conor Coady,29,25-02-1993,2018/2019,Midfielder,Wolverhampton Wanderers,3420,England,38,0,0,0,0,9,43,5,0,14,Ball-Playing Defender
Conor Coventry,22,25-03-2000,2018/2019,Midfielder,West Ham United,0,Republic of Ireland,0,0,0,0,0,0,0,0,0,6,Defensive Midfielder
Craig Cathcart,33,06-02-1989,2018/2019,Defender,Watford,3099,Northern Ireland,36,3,0,0,0,6,52,2,0,1,Aerial Threat
Curtis Jones,21,30-01-2001,2018/2019,Midfielder,Liverpool,0,England,0,0,0,0,0,0,0,0,0,4,Box-to-Box Midfielder
Cyrus Christie,30,30-09-1992,2018/2019,Defender,Fulham,1943,Republic of Ireland,28,0,1,0,0,5,40,7,0,24,Attacking Full-back
Dale Stephens,33,12-06-1989,2018/2019,Midfielder,Brighton & Hove Albion,2487,England,30,1,1,0,0,5,43,7,1,23,Defensive Midfielder
Dan Burn,30,09-05-1992,2018/2019,Defender,Brighton & Hove Albion,0,England,0,0,0,0,0,0,0,0,0,5,Ball-Playing Defender
Dan Gosling,32,01-02-1990,2018/2019,Midfielder,AFC Bournemouth,1737,England,25,2,1,0,0,7,31,8,0,9,Box-to-Box Midfielder
Daniel Amartey,27,21-12-1994,2018/2019,Midfielder,Leicester City,640,Ghana,9,0,0,0,0,2,9,2,0,3,Defensive Midfielder
Daniel Sturridge,33,01-09-1989,2018/2019,Forward,Liverpool,496,England,18,2,1,0,0,10,3,1,0,33,Poacher
Daniel Williams,33,08-03-1989,2018/2019,Midfielder,Huddersfield Town,93,USA,5,0,0,0,0,1,1,1,0,13,Defensive Midfielder
Danilo,31,15-07-1991,2018/2019,Defender,Manchester City,806,Brazil,11,1,0,0,0,5,7,1,0,11,Versatile Defender
Danny Drinkwater,32,05-03-1990,2018/2019,Midfielder,Chelsea,0,England,0,0,0,0,0,0,0,0,0,12,Deep-Lying Playmaker
Danny Ings,30,23-07-1992,2018/2019,Forward,Southampton,1668,England,24,7,3,3,0,6,26,1,0,8,Poacher
Danny Rose,32,02-07-1990,2018/2019,Defender,Tottenham Hotspur,1806,England,26,0,3,0,0,10,12,5,0,1,Attacking Full-back
Danny Simpson,35,04-01-1987,2018/2019,Defender,Leicester City,291,England,6,0,0,0,0,3,4,0,0,11,Crossing Specialist
Danny Ward,29,22-06-1993,2018/2019,Goalkeeper,Leicester City,0,Wales,0,0,0,0,0,0,0,0,0,12,Sweeper Keeper
Danny Ward,31,09-12-1990,2018/2019,Forward,Cardiff City,440,England,14,1,0,0,0,2,11,0,0,1,Defensive Midfielder
Danny Welbeck,31,26-11-1990,2018/2019,Forward,Arsenal,147,England,8,1,1,0,0,2,2,0,0,17,Versatile Forward
Daryl Janmaat,33,22-07-1989,2018/2019,Defender,Watford,1521,Netherlands,18,0,2,0,0,3,22,3,0,8,Attacking Full-back
David Brooks,25,08-07-1997,2018/2019,Forward,AFC Bournemouth,2278,England,30,7,5,0,0,9,39,3,0,3,Ball-Playing Defender
David Button,33,27-02-1989,2018/2019,Goalkeeper,Brighton & Hove Albion,360,England,4,0,0,0,0,1,5,0,0,16,Shot-Stopper
David de Gea,31,07-11-1990,2018/2019,Goalkeeper,Manchester United,3420,Spain,38,0,0,0,0,7,51,1,0,6,Sweeper Keeper
David Junior Hoilett,32,05-06-1990,2018/2019,Forward,Cardiff City,2142,Canada,32,3,1,0,0,9,42,4,0,22,Winger
David Luiz,35,22-04-1987,2018/2019,Defender,Chelsea,3239,Brazil,36,3,2,0,0,16,35,3,0,9,Ball-Playing Defender
David Silva,36,08-01-1986,2018/2019,Midfielder,Manchester City,2411,Spain,33,6,8,0,0,17,14,3,0,31,Creative Midfielder
Davide Zappacosta,30,11-06-1992,2018/2019,Defender,Chelsea,125,Italy,4,0,0,0,0,3,0,0,0,15,Attacking Full-back
Davinson Sanchez,26,12-06-1996,2018/2019,Defender,Tottenham Hotspur,1943,Colombia,23,1,1,0,0,6,21,2,0,9,Ball-Playing Defender
Davy Propper,31,02-09-1991,2018/2019,Midfielder,Brighton & Hove Albion,2551,Netherlands,30,1,1,0,0,5,44,2,0,14,Box-to-Box Midfielder
DeAndre Yedlin,29,09-07-1993,2018/2019,Defender,Newcastle United,2475,USA,29,1,2,0,0,6,37,7,1,17,Pace Winger
Declan Rice,23,14-01-1999,2018/2019,Midfielder,West Ham United,3005,Republic of Ireland,34,2,0,0,0,6,42,4,0,2,Defensive Midfielder
Dejan Lovren,33,05-07-1989,2018/2019,Defender,Liverpool,985,Croatia,13,1,0,0,0,6,7,1,0,22,Ball-Winning Defender
Dele Alli,26,11-04-1996,2018/2019,Midfielder,Tottenham Hotspur,1827,England,25,5,3,0,0,7,17,4,0,4,Attacking Midfielder
Demarai Gray,26,28-06-1996,2018/2019,Midfielder,Leicester City,1992,England,34,4,1,0,0,8,26,2,0,14,Winger
Demeaco Duhaney,24,13-10-1998,2018/2019,Defender,Huddersfield Town,46,England,1,0,0,0,0,1,0,0,0,30,Defensive Midfielder
Denis Odoi,34,27-05-1988,2018/2019,Defender,Fulham,2593,Belgium,31,0,1,0,0,5,59,4,0,22,Utility Player
Denis Suarez,28,06-01-1994,2018/2019,Midfielder,Arsenal,67,Spain,4,0,0,0,0,1,0,0,0,13,Creative Midfielder
Diego Rico,29,23-02-1993,2018/2019,Defender,AFC Bournemouth,607,Spain,12,0,0,0,0,0,18,1,0,5,Attacking Full-back
Diogo Dalot,23,18-03-1999,2018/2019,Defender,Manchester United,1015,Portugal,16,0,2,0,0,2,18,3,0,18,Attacking Full-back
Diogo Jose Teixeira da Silva,25,04-12-1996,2018/2019,Midfielder,Wolverhampton Wanderers,2371,Portugal,33,9,5,0,0,9,29,11,0,1,Box-to-Box Midfielder
Divock Origi,27,18-04-1995,2018/2019,Forward,Liverpool,366,Belgium,12,3,1,0,0,7,2,0,0,25,Target Man
Domingos Quina,22,18-11-1999,2018/2019,Midfielder,Watford,335,Portugal,8,1,0,0,0,1,5,0,0,7,Deep-Lying Playmaker
Dominic Calvert-Lewin,25,16-03-1997,2018/2019,Forward,Everton,1774,England,35,6,2,0,0,13,24,3,0,23,Target Man
Dominic Solanke,25,14-09-1997,2018/2019,Forward,AFC Bournemouth,341,England,10,0,1,0,0,2,4,0,0,2,Poacher
Dwight McNeil,22,22-11-1999,2018/2019,Forward,Burnley,1599,England,21,3,5,0,0,4,22,2,0,6,Winger
Eden Hazard,31,07-01-1991,2018/2019,Midfielder,Chelsea,2926,Belgium,37,16,15,4,0,15,34,2,0,7,Winger
Ederson,29,17-08-1993,2018/2019,Goalkeeper,Manchester City,3420,Brazil,38,0,1,0,0,20,23,2,0,26,Sweeper Keeper
Edward Nketiah,23,30-05-1999,2018/2019,Forward,Arsenal,62,England,5,1,0,0,0,1,2,0,0,31,Poacher
Elias Kachunga,30,22-04-1992,2018/2019,Forward,Huddersfield Town,1181,Congo DR,20,0,0,0,0,2,28,2,0,1,Versatile Forward
Emerson Hyndman,26,09-04-1996,2018/2019,Midfielder,AFC Bournemouth,37,USA,1,0,0,0,0,0,2,0,0,3,Box-to-Box Midfielder
Emerson Palmieri,28,03-08-1994,2018/2019,Defender,Chelsea,660,Italy,10,0,0,0,0,3,10,0,0,1,Attacking Full-back
Emile Smith Rowe,22,28-07-2000,2018/2019,Midfielder,Arsenal,0,England,0,0,0,0,0,0,0,0,0,14,Creative Midfielder
Emiliano Martinez,30,02-09-1992,2018/2019,Goalkeeper,Arsenal,0,Argentina,0,0,0,0,0,0,0,0,0,24,Shot-Stopper
Eric Bailly,28,12-04-1994,2018/2019,Defender,Manchester United,637,Ivory Coast,12,0,0,0,0,3,12,1,1,8,Ball-Winning Defender
Eric Dier,28,15-01-1994,2018/2019,Midfielder,Tottenham Hotspur,1510,England,20,3,0,0,0,6,16,4,0,1,Defensive Midfielder
Erik Durm,30,12-05-1992,2018/2019,Defender,Huddersfield Town,2052,Germany,28,0,1,0,0,3,43,0,0,9,Winger
Erik Lamela,30,04-03-1992,2018/2019,Midfielder,Tottenham Hotspur,971,Argentina,19,4,2,0,0,5,11,2,0,15,Winger
Ethan Ampadu,22,14-09-2000,2018/2019,Midfielder,Chelsea,0,Wales,0,0,0,0,0,0,0,0,0,23,Ball-Playing Defender
Etienne Capoue,34,11-07-1988,2018/2019,Midfielder,Watford,2947,France,33,1,3,0,0,7,47,15,1,6,Defensive Midfielder
Fabian Balbuena,31,23-08-1991,2018/2019,Defender,West Ham United,2014,Paraguay,23,1,0,0,0,5,27,2,0,23,Aerial Threat
Fabian Delph,32,21-11-1989,2018/2019,Midfielder,Manchester City,725,England,11,0,1,0,0,4,9,2,1,5,Utility Player
Fabian Schar,30,20-12-1991,2018/2019,Defender,Newcastle United,2002,Switzerland,24,4,1,0,0,8,21,12,0,23,Ball-Playing Defender
Fabinho,29,23-10-1993,2018/2019,Midfielder,Liverpool,2013,Brazil,28,1,2,0,0,15,13,6,0,27,Defensive Midfielder
Fabricio Martin Agosto Ramirez,34,31-12-1987,2018/2019,Goalkeeper,Fulham,180,Spain,2,0,0,0,0,0,5,0,0,18,Box-to-Box Midfielder
Faustino Marcos Alberto Rojo,32,20-03-1990,2018/2019,Defender,Manchester United,211,Argentina,5,0,0,0,0,0,4,2,0,21,Ball-Playing Defender
Federico Fernandez,33,21-02-1989,2018/2019,Defender,Newcastle United,1484,Argentina,19,0,1,0,0,4,22,2,0,22,Aerial Threat
Felipe Anderson,29,15-04-1993,2018/2019,Midfielder,West Ham United,3054,Brazil,36,9,4,0,0,6,43,3,0,14,Winger
Fernandinho,37,04-05-1985,2018/2019,Midfielder,Manchester City,2381,Brazil,29,1,3,0,0,16,15,5,0,6,Defensive Midfielder
Fernando Llorente Torres,37,26-02-1985,2018/2019,Forward,Tottenham Hotspur,683,Spain,20,1,4,0,0,7,8,2,0,1,Target Man
Florent Hadergjonaj,28,31-07-1994,2018/2019,Defender,Huddersfield Town,1840,Switzerland,24,0,0,0,0,4,34,1,0,4,Attacking Full-back
Florian Lejeune,31,20-05-1991,2018/2019,Defender,Newcastle United,1055,France,12,0,0,0,0,3,12,0,0,24,Ball-Playing Defender
Florin Andone,29,11-04-1993,2018/2019,Forward,Brighton & Hove Albion,874,Romania,23,3,0,0,0,3,13,5,0,23,Attacking Full-back
Floyd Ayite,33,15-12-1988,2018/2019,Midfielder,Fulham,465,Togo,16,1,0,0,0,3,13,0,0,5,Winger/Forward
Fousseni Diabate,27,18-10-1995,2018/2019,Midfielder,Leicester City,55,Mali,1,0,0,0,0,0,1,0,0,9,Target Man/Attacking Midfielder
Fraser Forster,34,17-03-1988,2018/2019,Goalkeeper,Southampton,90,England,1,0,0,0,0,0,3,0,0,3,Sweeper Keeper
Fred,29,05-03-1993,2018/2019,Midfielder,Manchester United,1045,Brazil,17,1,1,0,0,0,19,2,0,33,Defensive Midfielder/Box-to-Box Midfielder
Freddie Woodman,25,04-03-1997,2018/2019,Goalkeeper,Newcastle United,0,England,0,0,0,0,0,0,0,0,0,13,Shot-Stopper
Gabriel Jesus,25,03-04-1997,2018/2019,Forward,Manchester City,1019,Brazil,29,7,3,1,0,16,11,1,0,11,"Versatile Forward (Poacher, False 9, Winger)"
Gaetan Bong Songo,34,25-04-1988,2018/2019,Defender,Brighton & Hove Albion,1805,Cameroon,22,0,0,0,0,5,32,0,0,12,Attacking Left-Back
Gary Cahill,36,19-12-1985,2018/2019,Defender,Chelsea,22,England,2,0,0,0,0,2,0,0,0,8,Ball-Playing Defender
Gary Madine,32,24-08-1990,2018/2019,Forward,Cardiff City,32,England,5,0,0,0,0,0,2,0,0,1,Target Man/Aerial Threat
George Marsh,23,05-11-1998,2018/2019,Midfielder,Tottenham Hotspur,0,England,0,0,0,0,0,0,0,0,0,11,Defensive Midfielder/Ball-Winner
Georges-Kevin N'Koudou Mbida,27,13-02-1995,2018/2019,Forward,Tottenham Hotspur,4,France,1,0,1,0,0,0,0,0,0,12,Winger/Dribbler
Georginio Wijnaldum,31,11-11-1990,2018/2019,Midfielder,Liverpool,2735,Netherlands,35,3,0,0,0,21,15,3,0,1,Box-to-Box Midfielder/Engine
Gerard Deulofeu,28,13-03-1994,2018/2019,Forward,Watford,2082,Spain,30,10,5,0,0,6,28,3,0,17,Winger/Pacey Dribbler
Glenn Murray,39,25-09-1983,2018/2019,Forward,Brighton & Hove Albion,2513,England,38,13,1,4,0,7,44,5,0,8,Target Man/Experienced Finisher
Gonzalo Higuain,34,10-12-1987,2018/2019,Forward,Chelsea,1092,Argentina,14,5,0,0,0,5,15,0,0,3,Complete Forward/Goal Scorer
Grady Diangana,24,19-04-1998,2018/2019,Midfielder,West Ham United,604,England,17,0,1,0,0,2,11,0,0,16,Attacking Midfielder/Playmaker
Granit Xhaka,30,27-09-1992,2018/2019,Midfielder,Arsenal,2502,Switzerland,29,4,2,0,0,7,35,10,0,6,Deep-Lying Playmaker/Ball-Progressor
Greg Cunningham,31,31-01-1991,2018/2019,Defender,Cardiff City,630,Republic of Ireland,7,0,0,0,0,1,16,3,0,22,Versatile Defender (Left-Back/Center-Back)
Gylfi Sigurdsson,33,08-09-1989,2018/2019,Midfielder,Everton,3134,Iceland,38,13,6,2,3,14,40,3,0,9,Playmaker/Set-Piece Specialist
Hamza Choudhury,25,01-10-1997,2018/2019,Midfielder,Leicester City,596,England,9,0,0,0,0,4,4,0,0,31,Ball-Winning Midfielder/Defensive Anchor
Harry Arter,32,28-12-1989,2018/2019,Midfielder,Cardiff City,2008,Republic of Ireland,25,0,1,0,0,7,37,10,0,15,Box-to-Box Midfielder/Tackler
Harry Kane,29,28-07-1993,2018/2019,Forward,Tottenham Hotspur,2427,England,28,17,4,4,0,10,28,5,0,9,Complete Forward/Leader
Harry Maguire,29,05-03-1993,2018/2019,Defender,Leicester City,2599,England,31,3,0,0,0,7,36,7,1,14,Ball-Playing Defender/Aerial Threat
Harry Winks,26,02-02-1996,2018/2019,Midfielder,Tottenham Hotspur,1591,England,26,1,0,0,0,10,16,4,0,17,Deep-Lying Playmaker/Pass Master
Harvey Barnes,24,09-12-1997,2018/2019,Midfielder,Leicester City,1007,England,16,1,2,0,0,3,16,0,0,2,Winger/Direct Runner
Havard Nordtveit,32,21-06-1990,2018/2019,Midfielder,Fulham,361,Norway,5,0,1,0,0,1,9,0,0,22,Defensive Midfielder/Sweeper
Hector Bellerin,27,19-03-1995,2018/2019,Defender,Arsenal,1535,Spain,19,0,5,0,0,4,20,3,0,4,Attacking Right-Back/Pace Merchant
Helder Wander Sousa Azevedo Costa,28,12-01-1994,2018/2019,Midfielder,Wolverhampton Wanderers,1345,Portugal,25,1,2,0,0,5,18,3,0,14,Defensive Midfielder/Ball-Winner
Henrikh Mkhitaryan,33,21-01-1989,2018/2019,Midfielder,Arsenal,1643,Armenia,25,6,4,0,0,4,25,1,0,30,Creative Midfielder/Playmaker
Heung-Min Son,30,08-07-1992,2018/2019,Forward,Tottenham Hotspur,2048,South Korea,31,12,6,0,0,11,20,3,1,22,Winger/Left-Footed Finisher
Heurelho da Silva Gomes,41,15-02-1981,2018/2019,Goalkeeper,Watford,0,Brazil,0,0,0,0,0,0,0,0,0,13,Defensive Midfielder/Ball-Winner
Hugo Lloris,35,26-12-1986,2018/2019,Goalkeeper,Tottenham Hotspur,2970,France,33,0,0,0,0,12,30,0,0,5,Complete Goalkeeper/Captain
Ibrahima Cisse,28,28-02-1994,2018/2019,Midfielder,Fulham,87,Belgium,3,0,0,0,0,0,3,0,0,18,Defensive Midfielder/Destroyer
Idrissa Gueye,33,26-09-1989,2018/2019,Midfielder,Everton,2825,Senegal,33,0,2,0,0,13,29,6,0,1,Defensive Midfielder/Ball-Winner
Ilkay Gundogan,32,24-10-1990,2018/2019,Midfielder,Manchester City,2135,Germany,31,6,3,0,0,15,15,3,0,25,Orchestrator
Isaac Hayden,27,22-03-1995,2018/2019,Midfielder,Newcastle United,1886,England,25,1,4,0,0,7,25,4,1,7,Anchor Man
Isaac Mbenza,26,08-03-1996,2018/2019,Forward,Huddersfield Town,981,Belgium,22,1,1,0,0,4,25,1,0,23,Offensive Flank
Isaac Success,26,07-01-1996,2018/2019,Forward,Watford,1037,Nigeria,30,1,1,0,0,5,20,4,0,2,Target Man
Issa Diop,25,09-01-1997,2018/2019,Defender,West Ham United,2970,France,33,1,0,0,0,7,38,4,0,6,Destroyer
Ivan Ricardo Neves Abreu Cavaleiro,29,18-10-1993,2018/2019,Forward,Wolverhampton Wanderers,683,Portugal,23,3,1,0,0,5,10,1,0,7,Orchestrator
Jack Cork,33,25-06-1989,2018/2019,Midfielder,Burnley,3313,England,37,1,2,0,0,8,54,6,0,26,Box-to-Box
Jack Simpson,25,18-12-1996,2018/2019,Defender,AFC Bournemouth,403,England,6,0,0,0,0,2,9,0,0,31,Ball Winning
Jack Stephens,28,27-01-1994,2018/2019,Defender,Southampton,1697,England,24,1,0,0,0,5,30,4,0,1,Build Up
Jack Wilshere,30,01-01-1992,2018/2019,Midfielder,West Ham United,389,England,8,0,1,0,0,2,8,2,0,3,Orchestrator
Jacob Murphy,27,24-02-1995,2018/2019,Midfielder,Newcastle United,300,England,9,0,1,0,0,1,7,0,0,1,Speedster
Jairo Riedewald,26,09-09-1996,2018/2019,Defender,Crystal Palace,0,Netherlands,0,0,0,0,0,0,0,0,0,14,Ball Winning
Jamaal Lascelles,28,11-11-1993,2018/2019,Defender,Newcastle United,2748,England,32,0,1,0,0,11,33,4,0,24,Stopper
James Garner,21,13-03-2001,2018/2019,Defender,Manchester United,0,England,1,0,0,0,0,0,0,0,0,8,Deep Lying Playmaker
James Maddison,25,23-11-1996,2018/2019,Midfielder,Leicester City,2850,England,36,7,7,1,1,8,39,5,1,1,Classic No. 10
James McArthur,35,07-10-1987,2018/2019,Midfielder,Crystal Palace,3071,Scotland,38,3,6,0,0,12,44,7,0,9,Box-to-Box
James McCarthy,31,12-11-1990,2018/2019,Midfielder,Everton,14,Republic of Ireland,1,0,0,0,0,1,0,0,0,15,Ball Winning
James Milner,36,04-01-1986,2018/2019,Midfielder,Liverpool,1785,England,31,5,4,3,0,18,11,7,1,23,Versatile Midfielder
James Tarkowski,29,19-11-1992,2018/2019,Defender,Burnley,3087,England,35,3,1,0,0,7,52,8,0,6,Build Up
James Tomkins,33,29-03-1989,2018/2019,Defender,Crystal Palace,2563,England,29,1,1,0,0,10,34,6,0,23,Build Up
James Ward-Prowse,27,01-11-1994,2018/2019,Midfielder,Southampton,1942,England,26,7,0,1,0,4,36,4,0,5,Deep Lying Playmaker
Jamie Sterry,26,21-11-1995,2018/2019,Defender,Newcastle United,0,England,0,0,0,0,0,0,0,0,0,23,Offensive Flank
Jamie Vardy,35,11-01-1987,2018/2019,Forward,Leicester City,2735,England,34,18,4,4,1,10,33,4,1,27,Poacher
Jan Bednarek,26,12-04-1996,2018/2019,Defender,Southampton,2151,Poland,25,0,1,0,0,3,33,7,0,18,Build Up
Jan Vertonghen,35,24-04-1987,2018/2019,Defender,Tottenham Hotspur,1915,Belgium,22,1,0,0,0,7,21,5,1,21,Build Up
Jannik Vestergaard,30,03-08-1992,2018/2019,Defender,Southampton,2030,Denmark,23,0,0,0,0,4,27,2,0,22,Destroyer
Jason Puncheon,36,26-06-1986,2018/2019,Midfielder,Huddersfield Town,391,England,11,0,0,0,0,3,8,1,0,14,Free Roaming Flank
Jason Steele,32,18-08-1990,2018/2019,Goalkeeper,Brighton & Hove Albion,0,England,0,0,0,0,0,0,0,0,0,6,Offensive Goalkeeper
Javier Hernandez,34,01-06-1988,2018/2019,Forward,West Ham United,1335,Mexico,25,7,1,0,0,3,16,2,0,1,Chasing Striker
Javier Manquillo,28,05-05-1994,2018/2019,Defender,Newcastle United,1097,Spain,18,0,3,0,0,6,12,2,0,4,Offensive Flank
Jayson Molumby,23,06-08-1999,2018/2019,Midfielder,Brighton & Hove Albion,0,Republic of Ireland,0,0,0,0,0,0,0,0,0,24,Ball Winning
Jazz Richards,31,12-04-1991,2018/2019,Defender,Cardiff City,128,Wales,4,0,0,0,0,1,4,0,0,23,Offensive Flank
Jean Michauel Seri,31,19-07-1991,2018/2019,Midfielder,Fulham,2252,Ivory Coast,32,1,2,0,0,4,53,6,0,5,Deep Lying Playmaker
Jeff Hendrick,30,31-01-1992,2018/2019,Midfielder,Burnley,2069,Republic of Ireland,32,3,0,0,0,6,41,4,0,9,Box-to-Box
Jefferson Lerma,28,25-10-1994,2018/2019,Midfielder,AFC Bournemouth,2511,Colombia,30,2,0,0,0,8,45,12,0,3,Ball Winning
Jeffrey Schlupp,29,23-12-1992,2018/2019,Defender,Crystal Palace,1665,Ghana,30,4,1,0,0,8,24,1,0,33,Utility Player
Jermain Defoe,40,07-10-1982,2018/2019,Forward,AFC Bournemouth,21,England,4,0,0,0,0,2,2,0,0,13,Fox in the Box
Jesse Lingard,29,15-12-1992,2018/2019,Midfielder,Manchester United,1668,England,27,4,2,1,0,6,25,3,0,11,Creative Playmaker
Joao Moutinho,36,08-09-1986,2018/2019,Midfielder,Wolverhampton Wanderers,3040,Portugal,38,1,8,0,0,9,37,4,0,12,Deep Lying Playmaker
Joe Bennett,32,28-03-1990,2018/2019,Defender,Cardiff City,2641,England,30,0,1,0,0,9,43,5,0,8,Offensive Flank
Joe Bryan,29,17-09-1993,2018/2019,Defender,Fulham,2350,England,28,0,1,0,0,5,51,5,0,1,Offensive Flank
Joe Daniel Tupper,24,15-11-1997,2018/2019,Goalkeeper,Crystal Palace,0,England,0,0,0,0,0,0,0,0,0,11,Offensive Goalkeeper
Joe Gomez,25,23-05-1997,2018/2019,Defender,Liverpool,1060,England,16,0,0,0,0,11,3,2,0,12,Build Up
Joe Hart,35,19-04-1987,2018/2019,Goalkeeper,Burnley,1710,England,19,0,0,0,0,4,34,0,0,1,Sweeper Keeper
Joe Powell,24,30-10-1998,2018/2019,Forward,West Ham United,0,England,0,0,0,0,0,0,0,0,0,17,Utility Player
Joe Ralls,29,13-10-1993,2018/2019,Midfielder,Cardiff City,1959,England,28,0,0,0,1,8,35,5,1,8,Box-to-Box
Joel Coleman,27,26-09-1995,2018/2019,Goalkeeper,Huddersfield Town,90,England,1,0,0,0,0,0,1,0,0,3,Sweeper Keeper
Joel Matip,31,08-08-1991,2018/2019,Defender,Liverpool,1532,Cameroon,22,1,0,0,0,11,9,3,0,16,Build Up
Joel Ward,32,29-10-1989,2018/2019,Defender,Crystal Palace,551,England,7,1,0,0,0,0,12,1,0,6,Build Up
Johann Berg Gudmundsson,32,27-10-1990,2018/2019,Midfielder,Burnley,1748,Iceland,29,3,6,0,0,6,31,2,0,22,Cross Specialist
John Ruddy,36,24-10-1986,2018/2019,Goalkeeper,Wolverhampton Wanderers,90,England,1,0,0,0,0,1,0,0,0,9,Offensive Goalkeeper
John Stones,28,28-05-1994,2018/2019,Defender,Manchester City,1762,England,24,0,0,0,0,13,15,1,0,31,Build Up
Jon Gorenc Stankovic,26,14-01-1996,2018/2019,Defender,Huddersfield Town,718,Slovenia,11,1,0,0,0,2,19,2,0,15,Ball Winning
Jonas Lossl,33,01-02-1989,2018/2019,Goalkeeper,Huddersfield Town,2777,Denmark,31,0,1,0,0,5,52,1,0,9,Sweeper Keeper
Jonathan Hogg,33,06-12-1988,2018/2019,Midfielder,Huddersfield Town,2377,England,29,0,1,0,0,5,42,9,1,14,Ball Winning
Jonathan Walters,39,20-09-1983,2018/2019,Forward,Burnley,0,Republic of Ireland,0,0,0,0,0,0,0,0,0,17,Target Man
Jonjo Shelvey,30,27-02-1992,2018/2019,Midfielder,Newcastle United,944,England,16,1,1,0,0,5,11,1,0,2,Deep Lying Playmaker
Jonjoe Kenny,25,15-03-1997,2018/2019,Defender,Everton,790,England,10,0,1,0,0,2,14,1,0,22,Offensive Flank
Jonny,28,03-03-1994,2018/2019,Defender,Wolverhampton Wanderers,2780,Spain,33,1,1,0,0,8,36,6,0,4,Deep Lying Playmaker
Jonny Evans,34,03-01-1988,2018/2019,Defender,Leicester City,1995,Northern Ireland,24,1,0,0,0,8,22,2,0,14,Speedster
Jordan Ayew,31,11-09-1991,2018/2019,Forward,Crystal Palace,1186,Ghana,20,1,2,0,0,6,13,3,0,30,Box-to-Box
Jordan Henderson,32,17-06-1990,2018/2019,Midfielder,Liverpool,1983,England,32,1,3,0,0,19,11,3,1,22,Offensive Goalkeeper
Jordan Pickford,28,07-03-1994,2018/2019,Goalkeeper,Everton,3420,England,38,0,0,0,0,14,44,1,0,13,Speedster
Jordon Ibe,26,08-12-1995,2018/2019,Midfielder,AFC Bournemouth,795,England,19,1,1,0,0,4,21,1,0,5,Deep Lying Playmaker
Jorginho,30,20-12-1991,2018/2019,Midfielder,Chelsea,3165,Italy,37,2,0,1,0,16,36,8,0,18,Offensive Flank
Jose Holebas,38,27-06-1984,2018/2019,Defender,Watford,2394,Greece,28,3,6,0,0,5,38,13,1,1,Offensive Flank
Jose Izquierdo,30,07-07-1992,2018/2019,Forward,Brighton & Hove Albion,794,Colombia,15,0,1,0,0,5,8,1,0,25,Target Man
Joselu,32,27-03-1990,2018/2019,Forward,Newcastle United,586,Spain,16,2,0,0,0,4,12,1,0,7,Target Man
Joseph Willock,23,20-08-1999,2018/2019,Midfielder,Arsenal,64,England,2,0,0,0,0,0,0,0,0,23,Orchestrator
Josh Benson,22,05-12-1999,2018/2019,Midfielder,Burnley,0,England,0,0,0,0,0,0,0,0,0,2,Creative Playmaker
Josh Knight,25,07-09-1997,2018/2019,Defender,Leicester City,0,England,0,0,0,0,0,0,0,0,0,6,Defensive Fullback
Josh Murphy,27,24-02-1995,2018/2019,Forward,Cardiff City,1825,England,29,3,2,0,0,7,27,2,0,7,Roaming Flank
Joshua King,30,15-01-1992,2018/2019,Forward,AFC Bournemouth,2974,Norway,35,12,3,5,1,9,54,3,0,26,Hole Player
Joshua Sims,25,28-03-1997,2018/2019,Midfielder,Southampton,209,England,7,0,1,0,0,1,5,0,0,31,Trickster
Juan Foyth,24,12-01-1998,2018/2019,Defender,Tottenham Hotspur,930,Argentina,12,1,0,0,0,4,10,4,1,1,Anchor Man
Juan Mata,34,28-04-1988,2018/2019,Midfielder,Manchester United,1294,Spain,22,3,2,0,0,4,14,3,0,3,Classic No.10
Julian Speroni,43,18-05-1979,2018/2019,Goalkeeper,Crystal Palace,90,Argentina,1,0,0,0,0,0,3,0,0,1,Goal Obstructer
Juninho Bacuna,25,07-08-1997,2018/2019,Midfielder,Huddersfield Town,1414,Netherlands,21,1,0,0,0,2,36,4,0,14,Offensive Fullback
Junior Stanislas,32,26-11-1989,2018/2019,Midfielder,AFC Bournemouth,1027,England,23,2,3,1,0,7,24,1,0,24,Roaming Flank
Jurgen Locadia,28,07-11-1993,2018/2019,Forward,Brighton & Hove Albion,1227,Netherlands,26,2,0,0,0,4,19,1,0,8,Deep Lying Forward
Kadeem Harris,29,08-06-1993,2018/2019,Midfielder,Cardiff City,366,England,13,1,0,0,0,4,5,1,0,1,Wide Target Man
Karl Darlow,32,08-10-1990,2018/2019,Goalkeeper,Newcastle United,0,England,0,0,0,0,0,0,0,0,0,9,Offensive Goalkeeper
Karlan Ahearne-Grant,24,19-12-1997,2018/2019,Forward,Huddersfield Town,874,England,13,4,0,0,0,1,22,0,0,15,Dummy Runner
Kasper Schmeichel,35,05-11-1986,2018/2019,Goalkeeper,Leicester City,3420,Denmark,38,0,0,0,0,10,43,3,0,23,Sweeper Keeper
Kayne Ramsey,22,10-10-2000,2018/2019,Midfielder,Southampton,90,England,1,0,0,0,0,0,3,0,0,6,Box-to-Box Midfielder
Kazaiah Sterling,23,09-11-1998,2018/2019,Forward,Tottenham Hotspur,0,England,0,0,0,0,0,0,0,0,0,23,Trickster
Kelechi Iheanacho,26,03-10-1996,2018/2019,Forward,Leicester City,926,Nigeria,30,1,3,0,0,6,11,2,0,5,Goal Poacher
Kelland Watts,23,03-11-1999,2018/2019,Midfielder,Newcastle United,0,England,0,0,0,0,0,0,0,0,0,23,Aggressive Side Back
Ken Sema,29,30-09-1993,2018/2019,Midfielder,Watford,755,Sweden,17,1,2,0,0,6,8,1,0,27,Offensive Fullback
Kenneth Dahrup Zohore,28,31-01-1994,2018/2019,Forward,Cardiff City,746,Denmark,19,1,1,0,0,5,15,1,0,18,Powerful Forward
Kepa Arrizabalaga,28,03-10-1994,2018/2019,Goalkeeper,Chelsea,3240,Spain,36,0,0,0,0,14,38,2,0,21,Low Punt Goalkeeper
Kevin De Bruyne,31,28-06-1991,2018/2019,Midfielder,Manchester City,974,Belgium,19,2,2,0,0,12,3,2,0,22,Orchestrator
Kevin Long,32,18-08-1990,2018/2019,Defender,Burnley,513,Republic of Ireland,6,0,1,0,0,1,7,0,0,14,Destroyer
Kevin McDonald,33,04-11-1988,2018/2019,Midfielder,Fulham,842,Scotland,15,0,0,0,0,0,25,6,1,6,Anchor Man
Ki Sung-yueng,33,24-01-1989,2018/2019,Midfielder,Newcastle United,1302,South Korea,18,0,1,0,0,5,18,2,0,1,Deep Lying Playmaker
Kieran Dowell,25,10-10-1997,2018/2019,Midfielder,Everton,0,England,0,0,0,0,0,0,0,0,0,4,Hole Player
Kieran Trippier,32,19-09-1990,2018/2019,Defender,Tottenham Hotspur,2278,England,27,1,3,0,0,10,20,2,0,24,Cross Specialist
Kiko Femenia,31,02-02-1991,2018/2019,Midfielder,Watford,2045,Spain,29,1,1,0,0,5,38,1,0,23,Offensive Fullback
Konstantinos Mavropanos,24,11-12-1997,2018/2019,Defender,Arsenal,150,Greece,4,0,0,0,0,1,1,1,0,5,Ball Playing Defender
Kortney Hause,27,16-07-1995,2018/2019,Defender,Wolverhampton Wanderers,0,England,0,0,0,0,0,0,0,0,0,9,Destroyer
Kurt Zouma,28,27-10-1994,2018/2019,Defender,Everton,2610,France,32,2,2,0,0,11,37,5,1,3,Build Up Defender
Kyle Taylor,23,28-08-1999,2018/2019,Midfielder,AFC Bournemouth,0,England,0,0,0,0,0,0,0,0,0,33,Box-to-Box Midfielder
Kyle Walker,32,28-05-1990,2018/2019,Defender,Manchester City,2777,England,33,1,1,0,0,18,17,3,0,13,Offensive Fullback
Kyle Walker-Peters,25,13-04-1997,2018/2019,Defender,Tottenham Hotspur,374,England,6,0,3,0,0,3,4,1,0,11,None
Laurent Depoitre,33,07-12-1988,2018/2019,Forward,Huddersfield Town,1059,Belgium,23,0,1,0,0,3,22,1,0,12,Target Man
Laurent Koscielny,37,10-09-1985,2018/2019,Defender,Arsenal,1328,France,17,3,0,0,0,4,21,1,0,8,Ball Playing Defender
Lazar Markovic,28,02-03-1994,2018/2019,Midfielder,Fulham,44,Serbia,1,0,0,0,0,0,0,0,0,1,Offensive Winger
Leander Dendoncker,27,15-04-1995,2018/2019,Midfielder,Wolverhampton Wanderers,1469,Belgium,19,2,0,0,0,4,19,1,0,11,Orchestrator
Leandro Bacuna,31,21-08-1991,2018/2019,Midfielder,Cardiff City,554,Cura√ßao,11,0,0,0,0,4,11,2,0,12,None
Lee Grant,39,27-01-1983,2018/2019,Goalkeeper,Manchester United,0,England,0,0,0,0,0,0,0,0,0,1,Tiki Taka Cross Specialist
Lee Peltier,35,11-12-1986,2018/2019,Defender,Cardiff City,1542,England,20,0,0,0,0,6,21,4,0,17,None
Leighton Baines,37,11-12-1984,2018/2019,Defender,Everton,376,England,6,0,0,0,0,1,6,0,0,8,Deep Lying Playmaker
Leon Balogun,34,28-06-1988,2018/2019,Defender,Brighton & Hove Albion,591,Nigeria,8,1,0,0,0,0,9,2,0,3,Ball Playing Defender
Leonardo Bonatini Lohner Maia,28,28-03-1994,2018/2019,Forward,Wolverhampton Wanderers,128,Brazil,7,0,1,0,0,3,0,0,0,16,Offensive Goalkeeper
Leroy Sane,26,11-01-1996,2018/2019,Midfielder,Manchester City,1867,Germany,31,10,10,0,0,16,14,1,0,6,Orchestrator
Lewis Cass,22,27-02-2000,2018/2019,Defender,Newcastle United,0,England,0,0,0,0,0,0,0,0,0,22,Tiki Taka Cross Specialist
Lewis Cook,25,03-02-1997,2018/2019,Midfielder,AFC Bournemouth,721,England,13,0,0,0,0,3,10,2,0,9,Target Man
Lewis Dunk,30,21-11-1991,2018/2019,Defender,Brighton & Hove Albion,3153,England,36,2,1,0,0,7,53,7,1,31,Box to Box Midfielder
Loic Damour,31,08-01-1991,2018/2019,Midfielder,Cardiff City,21,France,2,0,0,0,0,0,2,0,0,15,Offensive Fullback
Loris Karius,29,22-06-1993,2018/2019,Goalkeeper,Liverpool,0,Germany,0,0,0,0,0,0,0,0,0,9,Powerful Forward
Luca de la Torre,24,23-05-1998,2018/2019,Midfielder,Fulham,0,USA,0,0,0,0,0,0,0,0,0,14,None
Lucas Digne,29,20-07-1993,2018/2019,Defender,Everton,2990,France,35,4,4,0,0,14,36,6,1,17,Destroyer
Lucas Moura,30,13-08-1992,2018/2019,Midfielder,Tottenham Hotspur,2127,Brazil,32,10,0,0,0,12,16,3,0,2,Classic No.10
Lucas Perez,34,10-09-1988,2018/2019,Forward,West Ham United,468,Spain,15,3,0,0,0,3,9,0,0,22,Creative Winger
Lucas Torreira,26,11-02-1996,2018/2019,Midfielder,Arsenal,2377,Uruguay,34,2,2,0,0,6,35,8,1,4,None
Luciano Vietto,28,05-12-1993,2018/2019,Forward,Fulham,983,Argentina,20,1,4,0,0,1,21,1,0,14,Tiki Taka Cross Specialist
Luka Milivojevic,31,07-04-1991,2018/2019,Midfielder,Crystal Palace,3420,Serbia,38,12,2,10,1,12,47,10,0,30,None
Luke Amos,25,23-02-1997,2018/2019,Midfielder,Tottenham Hotspur,2,England,1,0,0,0,0,0,0,0,0,22,Offensive Winger
Luke Dreher,23,27-11-1998,2018/2019,Midfielder,Crystal Palace,0,England,1,0,0,0,0,0,0,0,0,13,None
Luke Shaw,27,12-07-1995,2018/2019,Defender,Manchester United,2592,England,29,1,4,0,0,6,36,11,0,5,None
Lys Mousset,26,08-02-1996,2018/2019,Forward,AFC Bournemouth,345,France,24,1,0,0,0,5,13,1,0,18,Target Man
Maarten Stekelenburg,40,22-09-1982,2018/2019,Goalkeeper,Everton,0,Netherlands,0,0,0,0,0,0,0,0,0,1,None
Mamadou Sakho,32,13-02-1990,2018/2019,Defender,Crystal Palace,2417,France,27,0,0,0,0,9,32,2,0,25,Anchor Man
Manolo Gabbiadini,30,26-11-1991,2018/2019,Forward,Southampton,470,Italy,12,1,0,0,0,3,11,0,0,7,None
Manuel Lanzini,29,15-02-1993,2018/2019,Midfielder,West Ham United,688,Argentina,10,1,1,0,0,2,11,2,0,23,None
Marc Albrighton,32,18-11-1989,2018/2019,Midfielder,Leicester City,1626,England,27,2,2,0,0,9,17,3,0,2,Offensive Fullback
Marc Guehi,22,13-07-2000,2018/2019,Defender,Chelsea,0,England,0,0,0,0,0,0,0,0,0,6,Offensive Winger
Marc Navarro Ceciliano,27,02-07-1995,2018/2019,Defender,Watford,84,Spain,2,0,0,0,0,0,2,0,0,7,Orchestrator
Marc Pugh,35,02-04-1987,2018/2019,Midfielder,AFC Bournemouth,0,England,0,0,0,0,0,0,0,0,0,26,Sweeper Keeper
Marcos Alonso,31,28-12-1990,2018/2019,Defender,Chelsea,2761,Spain,31,2,4,0,0,14,28,6,0,31,None
Marcus Bettinelli,30,24-05-1992,2018/2019,Goalkeeper,Fulham,630,England,7,0,0,0,0,0,19,1,0,1,None
Marcus Rashford,25,31-10-1997,2018/2019,Forward,Manchester United,2362,England,33,10,6,0,0,6,34,4,1,3,Box to Box Midfielder
Mario Lemina,29,01-09-1993,2018/2019,Midfielder,Southampton,1615,Gabon,21,1,1,0,0,4,32,5,0,1,Tiki Taka Cross Specialist
Mark Noble,35,08-05-1987,2018/2019,Midfielder,West Ham United,2308,England,31,5,5,4,0,7,29,7,1,14,Wide Passer
Mark Travers,23,18-05-1999,2018/2019,Goalkeeper,AFC Bournemouth,180,Republic of Ireland,2,0,0,0,0,1,5,0,0,24,None
Marko Arnautovic,33,19-04-1989,2018/2019,Forward,West Ham United,2000,Austria,28,10,4,1,0,5,31,3,0,8,None
Markus Suttner,35,16-04-1987,2018/2019,Defender,Brighton & Hove Albion,0,Austria,0,0,0,0,0,0,0,0,0,1,None
Marouane Fellaini,34,22-11-1987,2018/2019,Midfielder,Manchester United,744,Belgium,14,0,1,0,0,2,13,1,0,9,None
Martin Dubravka,33,15-01-1989,2018/2019,Goalkeeper,Newcastle United,3420,Slovakia,38,0,0,0,0,11,44,1,0,15,None
Martin Kelly,32,27-04-1990,2018/2019,Defender,Crystal Palace,1110,England,13,0,0,0,0,3,18,2,0,23,Ball Playing Defender
Martin Montoya,31,14-04-1991,2018/2019,Defender,Brighton & Hove Albion,2166,Spain,25,0,1,0,0,3,38,4,0,6,None
Mason Greenwood,21,01-10-2001,2018/2019,Midfielder,Manchester United,115,England,3,0,0,0,0,0,2,0,0,23,None
Mason Holgate,26,22-10-1996,2018/2019,Defender,Everton,407,England,5,0,0,0,0,0,9,1,0,5,Powerful Forward
Matej Vydra,30,01-05-1992,2018/2019,Forward,Burnley,311,Czech Republic,13,1,1,0,0,1,4,1,0,23,None
Mateo Kovacic,28,06-05-1994,2018/2019,Midfielder,Chelsea,1743,Croatia,32,0,2,0,0,12,18,3,0,27,Target Man
Mathew Ryan,30,08-04-1992,2018/2019,Goalkeeper,Brighton & Hove Albion,3060,Australia,34,0,0,0,0,6,52,2,0,18,None
Mathias Jorgensen,32,23-04-1990,2018/2019,Defender,Huddersfield Town,2148,Denmark,24,3,1,0,0,3,37,6,0,21,None
Matt Butcher,25,14-05-1997,2018/2019,Midfielder,AFC Bournemouth,0,England,0,0,0,0,0,0,0,0,0,22,None
Matt Doherty,30,16-01-1992,2018/2019,Defender,Wolverhampton Wanderers,3147,Republic of Ireland,38,4,5,0,0,9,38,5,0,14,Anchor Man
Matt Ritchie,33,10-09-1989,2018/2019,Midfielder,Newcastle United,2940,Scotland,36,2,8,1,1,11,37,9,0,6,Offensive Winger
Matt Targett,27,18-09-1995,2018/2019,Defender,Southampton,1185,England,16,1,3,0,0,1,24,2,0,1,Orchestrator
Matteo Darmian,32,02-12-1989,2018/2019,Defender,Manchester United,443,Italy,6,0,0,0,0,1,7,0,0,4,Orchestrator
Matteo Guendouzi,23,14-04-1999,2018/2019,Midfielder,Arsenal,2143,France,33,0,0,0,0,4,28,9,0,24,Box to Box Midfielder
Matthew Connolly,35,24-09-1987,2018/2019,Defender,Cardiff City,0,England,0,0,0,0,0,0,0,0,0,23,Box to Box Midfielder
Matthew Lowton,33,09-06-1989,2018/2019,Defender,Burnley,1748,England,21,0,0,0,0,4,35,7,0,5,Anchor Man
Matty Daly,21,10-03-2001,2018/2019,Midfielder,Huddersfield Town,73,England,2,0,0,0,0,0,1,0,0,9,Tiki Taka Cross Specialist
Max Harrison Sanders,23,04-01-1999,2018/2019,Midfielder,Brighton & Hove Albion,0,England,0,0,0,0,0,0,0,0,0,3,Defensive Midfielder
Max Kilman,25,23-05-1997,2018/2019,Defender,Wolverhampton Wanderers,0,England,1,0,0,0,0,1,0,0,0,33,Ball Playing Defender
Max Meyer,27,18-09-1995,2018/2019,Midfielder,Crystal Palace,1414,Germany,29,1,2,0,0,8,19,3,0,13,None
Maxime Le Marchand,33,11-10-1989,2018/2019,Defender,Fulham,2251,France,26,0,1,0,0,4,50,5,0,11,Offensive Winger
Maya Yoshida,34,24-08-1988,2018/2019,Defender,Southampton,1520,Japan,17,0,1,0,0,3,27,0,0,12,Ball Playing Defender
Mesut Ozil,34,15-10-1988,2018/2019,Midfielder,Arsenal,1741,Germany,24,5,2,0,0,6,23,2,0,8,Offensive Fullback
Michael Keane,29,11-01-1993,2018/2019,Defender,Everton,2970,England,33,1,2,0,0,13,37,2,0,1,Box to Box Midfielder
Michael Obafemi,22,06-07-2000,2018/2019,Forward,Southampton,134,Republic of Ireland,6,1,1,0,0,0,2,1,0,11,Anchor Man
Michail Antonio,32,28-03-1990,2018/2019,Midfielder,West Ham United,2099,England,33,6,4,0,0,5,26,3,0,12,Strong CF
Michel Vorm,39,20-10-1983,2018/2019,Goalkeeper,Tottenham Hotspur,180,Netherlands,2,0,0,0,0,0,4,0,0,1,GK Offensive
Michy Batshuayi,29,02-10-1993,2018/2019,Forward,Crystal Palace,756,Belgium,11,5,0,0,0,3,11,0,0,17,Orchestrator
Miguel Almiron,28,10-02-1994,2018/2019,Midfielder,Newcastle United,763,Paraguay,10,0,0,0,0,3,10,0,0,8,Creative Playmaker
Miguel Angel Britos Cabrera,37,17-07-1985,2018/2019,Defender,Watford,185,Uruguay,3,0,0,0,0,1,5,0,0,3,Destroyer
Mohamed Diame,35,14-06-1987,2018/2019,Midfielder,Newcastle United,2165,Senegal,29,0,0,0,0,9,28,3,0,16,Box-to-Box
Mohamed Elneny,30,11-07-1992,2018/2019,Midfielder,Arsenal,381,Egypt,8,0,0,0,0,2,4,0,0,6,Anchor Man
Mohamed Elyounoussi,28,04-08-1994,2018/2019,Midfielder,Southampton,790,Norway,16,0,0,0,0,4,8,0,0,22,Wide Playmaker
Mohamed Salah,30,15-06-1992,2018/2019,Forward,Liverpool,3262,Egypt,38,22,8,3,0,21,18,1,0,9,Roaming Flank
Morgan Gibbs-White,22,27-01-2000,2018/2019,Midfielder,Wolverhampton Wanderers,647,England,26,0,1,0,0,5,9,1,0,31,Hole Player
Morgan Schneiderlin,32,08-11-1989,2018/2019,Midfielder,Everton,833,France,14,0,1,0,0,7,9,2,0,15,Ball Winning DMF
Moussa Dembele,35,16-07-1987,2018/2019,Midfielder,Tottenham Hotspur,516,Belgium,10,0,0,0,0,3,5,1,0,9,False 9
Moussa Sissoko,33,16-08-1989,2018/2019,Midfielder,Tottenham Hotspur,2336,France,29,0,3,0,0,11,26,2,0,14,Box-to-Box
N'Golo Kante,31,29-03-1991,2018/2019,Midfielder,Chelsea,3096,France,36,4,4,0,0,15,37,3,0,17,Defensive Midfielder
Naby Keita,27,10-02-1995,2018/2019,Midfielder,Liverpool,1392,Guinea,25,2,1,0,0,15,7,0,0,2,Orchestrator
Nacho Monreal,36,26-02-1986,2018/2019,Defender,Arsenal,1861,Spain,22,1,3,0,0,6,21,5,0,22,Offensive Fullback
Nampalys Mendy,30,23-06-1992,2018/2019,Midfielder,Leicester City,2088,France,31,0,0,0,0,9,26,5,0,4,Holding DMF
Nathan Ake,27,18-02-1995,2018/2019,Defender,AFC Bournemouth,3412,Netherlands,38,4,0,0,0,10,66,3,0,14,Ball Playing Defender
Nathan Holland,24,19-06-1998,2018/2019,Midfielder,West Ham United,0,England,0,0,0,0,0,0,0,0,0,30,Wide Playmaker
Nathan Redmond,28,06-03-1994,2018/2019,Midfielder,Southampton,3276,England,38,6,4,0,0,7,53,3,0,22,Inside Winger
Nathaniel Chalobah,27,12-12-1994,2018/2019,Midfielder,Watford,266,England,9,0,0,0,0,1,5,2,0,13,Ball Playing Defender
Nathaniel Clyne,31,05-04-1991,2018/2019,Defender,AFC Bournemouth,1254,England,18,0,1,0,0,6,24,2,0,5,Offensive Fullback
Nathaniel Mendez-Laing,30,15-04-1992,2018/2019,Midfielder,Cardiff City,984,England,20,4,1,1,0,6,15,0,0,18,Inside Winger
Neeskens Kebano,30,10-03-1992,2018/2019,Midfielder,Fulham,103,Congo DR,7,0,0,0,0,0,1,0,0,1,Trickster
Neil Leonard Dula Etheridge,32,07-02-1990,2018/2019,Goalkeeper,Cardiff City,3420,Philippines,38,0,0,0,0,10,61,2,0,25,GK Offensive
Nemanja Matic,34,01-08-1988,2018/2019,Midfielder,Manchester United,2441,Serbia,28,1,0,0,0,6,35,8,1,7,Anchor Man
Nicolas Otamendi,34,12-02-1988,2018/2019,Defender,Manchester City,1233,Argentina,18,0,0,0,0,10,7,1,0,23,Ball Playing Defender
Nikola Tavares,23,17-01-1999,2018/2019,Defender,Crystal Palace,0,England,0,0,0,0,0,0,0,0,0,2,Offensive Fullback
Nnamdi Ofoborh,22,07-11-1999,2018/2019,Midfielder,AFC Bournemouth,0,England,0,0,0,0,0,0,0,0,0,6,Powerful Striker
Oleksandr Zinchenko,25,15-12-1996,2018/2019,Midfielder,Manchester City,1153,Ukraine,14,0,3,0,0,10,4,1,0,7,Inverted Fullback
Oliver Skipp,22,16-09-2000,2018/2019,Midfielder,Tottenham Hotspur,216,England,8,0,0,0,0,4,0,0,0,26,Ball Winning DMF
Olivier Giroud,36,30-09-1986,2018/2019,Forward,Chelsea,832,France,27,2,4,0,0,12,4,1,0,31,Target Man
Oriol Romeu,31,24-09-1991,2018/2019,Midfielder,Southampton,2140,Spain,31,1,0,0,0,6,32,11,0,1,Holding DMF
Oumar Niasse,32,18-04-1990,2018/2019,Forward,Cardiff City,998,Senegal,18,0,0,0,0,3,12,0,0,3,Powerful Striker
Pablo Zabaleta,37,16-01-1985,2018/2019,Defender,West Ham United,2092,Argentina,26,0,1,0,0,4,32,4,0,1,Offensive Fullback
Pape N'Diaye Souare,32,06-06-1990,2018/2019,Defender,Crystal Palace,0,Senegal,1,0,0,0,0,1,0,0,0,14,Offensive Fullback
Pascal Gross,31,15-06-1991,2018/2019,Midfielder,Brighton & Hove Albion,1878,Germany,25,3,3,1,1,3,31,1,0,24,Hole Player
Patrick van Aanholt,32,29-08-1990,2018/2019,Defender,Crystal Palace,3198,Netherlands,36,3,2,0,0,12,41,3,0,8,Offensive Fullback
Paul Dummett,31,26-09-1991,2018/2019,Defender,Newcastle United,1986,Wales,26,0,0,0,0,9,27,1,0,1,Ball Playing Defender
Paul Pogba,29,15-03-1993,2018/2019,Midfielder,Manchester United,3011,France,35,13,9,7,3,7,41,6,0,9,Box-to-Box
Paulo Gazzaniga,30,02-01-1992,2018/2019,Goalkeeper,Tottenham Hotspur,270,Argentina,3,0,0,0,0,1,1,0,0,15,GK Offensive
Pedro Obiang,30,27-03-1992,2018/2019,Midfielder,West Ham United,1121,Equatorial Guinea,24,0,1,0,0,7,17,0,0,23,Anchor Man
Pedro Rodriguez,35,28-07-1987,2018/2019,Midfielder,Chelsea,1780,Spain,31,8,2,0,0,11,18,2,0,6,Creative Playmaker
Peter Crouch,41,30-01-1981,2018/2019,Forward,Burnley,86,England,6,0,0,0,0,0,0,1,0,23,Target Man
Petr Cech,40,20-05-1982,2018/2019,Goalkeeper,Arsenal,585,Czech Republic,7,0,0,0,0,2,8,0,0,5,GK Offensive
Phil Bardsley,37,28-06-1985,2018/2019,Defender,Burnley,1672,Scotland,19,0,0,0,0,4,22,9,0,23,Offensive Fullback
Phil Foden,22,28-05-2000,2018/2019,Midfielder,Manchester City,327,England,13,1,0,0,0,8,0,0,0,27,Classic No.10
Phil Jagielka,40,17-08-1982,2018/2019,Defender,Everton,329,England,7,1,0,0,0,5,2,1,1,18,Ball Playing Defender
Phil Jones,30,21-02-1992,2018/2019,Defender,Manchester United,1263,England,18,0,1,0,0,4,16,1,0,21,Ball Playing Defender
Philip Billing,26,11-06-1996,2018/2019,Midfielder,Huddersfield Town,2192,Denmark,27,2,0,0,0,5,41,7,0,22,Anchor Man
Philippe Sandler,25,10-02-1997,2018/2019,Defender,Manchester City,0,Netherlands,0,0,0,0,0,0,0,0,0,14,Ball Playing Defender
Pierre-Emerick Aubameyang,33,18-06-1989,2018/2019,Forward,Arsenal,2731,Gabon,36,22,5,4,1,8,40,0,0,6,Speedster
Pierre-Emile Hojbjerg,27,05-08-1995,2018/2019,Midfielder,Southampton,2764,Denmark,31,4,3,0,0,4,52,10,2,1,Orchestrator
Rachid Ghezzal,30,09-05-1992,2018/2019,Forward,Leicester City,738,Algeria,19,1,0,0,0,3,12,3,0,4,Inside Winger
Rafael Euclides Soares Camacho,22,22-05-2000,2018/2019,Midfielder,Liverpool,0,Portugal,1,0,0,0,0,0,0,0,0,24,Destroyer
Raheem Sterling,27,08-12-1994,2018/2019,Forward,Manchester City,2777,England,34,17,10,0,0,18,19,3,0,23,Trickster
Rajiv van La Parra,31,04-06-1991,2018/2019,Midfielder,Huddersfield Town,407,Netherlands,5,0,0,0,0,1,6,0,0,5,Offensive Fullback
Ramadan Sobhi,25,23-01-1997,2018/2019,Forward,Huddersfield Town,75,Egypt,4,0,0,0,0,0,1,0,0,9,Roaming Flank
Raul Jimenez,31,05-05-1991,2018/2019,Forward,Wolverhampton Wanderers,3124,Mexico,38,13,7,2,0,9,39,4,0,3,Target Man
Rhys Healey,27,06-12-1994,2018/2019,Forward,Cardiff City,49,England,3,0,0,0,0,1,1,0,0,33,Powerful Striker
Ricardo Pereira,29,06-10-1993,2018/2019,Defender,Leicester City,3125,Portugal,35,2,6,0,0,10,40,7,0,13,Offensive Fullback
Richarlison,25,10-05-1997,2018/2019,Forward,Everton,2679,Brazil,35,13,1,0,0,14,32,6,1,11,Speedster
Riyad Mahrez,31,21-02-1991,2018/2019,Midfielder,Manchester City,1339,Algeria,27,7,4,0,1,13,9,0,0,12,Creative Playmaker
Rob Holding,27,20-09-1995,2018/2019,Defender,Arsenal,807,England,10,0,0,0,0,2,10,1,0,8,Ball Playing Defender
Robbie Brady,30,14-01-1992,2018/2019,Midfielder,Burnley,715,Republic of Ireland,16,0,1,0,0,2,12,4,1,1,Wide Playmaker
Robert Kenedy Nunes do Nascimento,26,08-02-1996,2018/2019,Midfielder,Newcastle United,1344,Brazil,25,1,1,0,1,8,17,1,0,11,Inside Winger
Robert Snodgrass,35,07-09-1987,2018/2019,Midfielder,West Ham United,2222,Scotland,33,2,5,0,0,6,31,10,0,12,Box-to-Box
Roberto Firmino,31,02-10-1991,2018/2019,Forward,Liverpool,2620,Brazil,34,12,6,1,0,18,13,0,0,1,False 9
Roberto Pereyra,31,07-01-1991,2018/2019,Forward,Watford,2825,Argentina,33,6,1,0,0,5,52,3,0,17,Hole Player
Romain Saiss,32,26-03-1990,2018/2019,Midfielder,Wolverhampton Wanderers,1144,Morocco,19,2,0,0,0,4,16,7,0,8,Ball Playing Defender
Romelu Lukaku,29,13-05-1993,2018/2019,Forward,Manchester United,2130,Belgium,32,12,0,0,0,7,36,4,0,3,Powerful Striker
Rondon,33,16-09-1989,2018/2019,Forward,Newcastle United,2609,Venezuela,32,11,7,0,0,10,29,1,0,16,Target Man
Ross Barkley,28,05-12-1993,2018/2019,Midfielder,Chelsea,1241,England,27,3,5,0,0,11,13,1,0,6,Holding DMF
Ruben Loftus-Cheek,26,23-01-1996,2018/2019,Midfielder,Chelsea,983,England,24,6,2,0,0,12,8,0,0,22,Box-to-Box
Ruben Neves,25,13-03-1997,2018/2019,Midfielder,Wolverhampton Wanderers,3009,Portugal,35,4,3,2,0,8,40,8,0,9,Orchestrator
Ruben Vinagre,23,09-04-1999,2018/2019,Defender,Wolverhampton Wanderers,703,Portugal,17,0,0,0,0,5,9,1,0,31,Offensive Fullback
Rui Patricio,34,15-02-1988,2018/2019,Goalkeeper,Wolverhampton Wanderers,3330,Portugal,37,0,0,0,0,8,43,0,0,15,GK Offensive
Ryan Bennett,32,06-03-1990,2018/2019,Defender,Wolverhampton Wanderers,3060,England,34,1,0,0,0,9,36,12,0,9,Ball Playing Defender
Ryan Bertrand,33,05-08-1989,2018/2019,Defender,Southampton,2160,England,24,1,0,0,0,6,36,8,0,14,Offensive Fullback
Ryan Fraser,28,24-02-1994,2018/2019,Midfielder,AFC Bournemouth,3173,Scotland,38,7,14,0,0,10,61,2,0,17,Destroyer
Ryan Fredericks,30,10-10-1992,2018/2019,Midfielder,West Ham United,1085,England,15,1,0,0,0,3,13,5,0,2,Offensive Fullback
Ryan Giles,22,26-01-2000,2018/2019,Midfielder,Wolverhampton Wanderers,0,England,0,0,0,0,0,0,0,0,0,22,Wide Playmaker
Ryan Guno Babel,35,19-12-1986,2018/2019,Forward,Fulham,1260,Netherlands,16,5,3,0,0,3,24,3,0,4,Trickster
Ryan Schofield,22,11-12-1999,2018/2019,Goalkeeper,Huddersfield Town,0,England,0,0,0,0,0,0,0,0,0,14,GK Offensive
Ryan Sessegnon,22,18-05-2000,2018/2019,Defender,Fulham,2298,England,35,2,6,0,0,4,58,0,0,30,Offensive Fullback
Sadio Mane,30,10-04-1992,2018/2019,Forward,Liverpool,3086,Senegal,36,22,1,0,0,20,18,2,0,22,Speedster
Sam Gallagher,27,15-09-1995,2018/2019,Forward,Southampton,30,England,4,0,0,0,0,1,0,0,0,13,Powerful Striker
Sam Surridge,24,28-07-1998,2018/2019,Forward,AFC Bournemouth,11,England,2,0,0,0,0,0,0,0,0,5,Target Man
Sam Vokes,33,21-10-1989,2018/2019,Forward,Burnley,913,Wales,20,3,0,0,0,4,18,0,0,18,Powerful Striker
Sam Woods,24,11-09-1998,2018/2019,Defender,Crystal Palace,0,England,0,0,0,0,0,0,0,0,0,1,Box-to-Box
Samir Nasri,35,26-06-1987,2018/2019,Midfielder,West Ham United,246,France,5,0,2,0,0,1,2,0,0,25,Classic No.10
Sandro Ramirez,27,09-07-1995,2018/2019,Forward,Everton,0,Spain,0,0,0,0,0,0,0,0,0,7,False 9
Scott Dann,35,14-02-1987,2018/2019,Defender,Crystal Palace,660,England,10,0,1,0,0,3,7,1,0,23,Ball Playing Defender
Scott McTominay,25,08-12-1996,2018/2019,Midfielder,Manchester United,861,England,16,2,0,0,0,3,17,1,0,2,Box-to-Box
Sead Kolasinac,29,20-06-1993,2018/2019,Defender,Arsenal,1891,Bosnia and Herzegovina,24,0,5,0,0,5,26,5,0,6,Offensive Fullback
Seamus Coleman,34,11-10-1988,2018/2019,Defender,Everton,2560,Republic of Ireland,29,2,2,0,0,13,29,1,0,7,Offensive Fullback
Sean Longstaff,25,30-10-1997,2018/2019,Midfielder,Newcastle United,688,England,9,1,0,0,0,3,8,2,0,26,Orchestrator
Sean Morrison,31,08-01-1991,2018/2019,Defender,Cardiff City,3040,England,34,1,3,0,0,9,57,6,0,31,Ball Playing Defender
Sebastian Prodl,35,21-06-1987,2018/2019,Defender,Watford,13,Austria,1,0,0,0,0,1,0,0,0,1,Ball Playing Defender
Serge Aurier,29,24-12-1992,2018/2019,Defender,Tottenham Hotspur,564,Ivory Coast,8,0,2,0,0,3,9,1,0,3,Offensive Fullback
Sergio Aguero,34,02-06-1988,2018/2019,Forward,Manchester City,2480,Argentina,33,21,8,2,0,19,15,3,0,1,Trickster
Sergio Rico,29,01-09-1993,2018/2019,Goalkeeper,Fulham,2610,Spain,29,0,0,0,0,5,53,1,0,14,GK Offensive
Sergio Romero,35,22-02-1987,2018/2019,Goalkeeper,Manchester United,0,Argentina,0,0,0,0,0,0,0,0,0,24,GK Offensive
Shane Duffy,30,01-01-1992,2018/2019,Defender,Brighton & Hove Albion,3088,Republic of Ireland,35,5,1,0,0,7,51,5,1,8,Ball Playing Defender
Shane Long,35,22-01-1987,2018/2019,Forward,Southampton,1269,Republic of Ireland,26,5,1,0,0,5,20,3,0,1,Target Man
Shinji Okazaki,36,16-04-1986,2018/2019,Forward,Leicester City,269,Japan,21,0,1,0,0,2,1,0,0,9,False 9
Shkodran Mustafi,30,17-04-1992,2018/2019,Defender,Arsenal,2617,Germany,31,2,0,0,0,6,36,9,0,15,Ball Playing Defender
Simon Francis,37,16-02-1985,2018/2019,Defender,AFC Bournemouth,1226,England,17,0,2,0,0,5,23,1,0,23,Offensive Fullback
Simon Mignolet,34,06-03-1988,2018/2019,Goalkeeper,Liverpool,0,Belgium,0,0,0,0,0,0,0,0,0,6,GK Offensive
Sokratis Papastathopoulos,34,09-06-1988,2018/2019,Defender,Arsenal,2199,Greece,25,1,2,0,0,6,31,12,0,23,Ball Playing Defender
Solly March,28,20-07-1994,2018/2019,Midfielder,Brighton & Hove Albion,2473,England,35,1,5,0,0,6,39,1,0,5,Wide Playmaker
Souleymane Bamba,37,13-01-1985,2018/2019,Defender,Cardiff City,2475,Ivory Coast,28,4,1,0,0,7,46,7,0,23,Destroyer
Stefan Marius Johansen,31,08-01-1991,2018/2019,Midfielder,Fulham,412,Norway,12,0,0,0,0,0,11,4,0,27,Holding DMF
Stefano Okaka,33,09-08-1989,2018/2019,Forward,Watford,22,Italy,2,0,0,0,0,0,1,1,0,18,Powerful Striker
Stephan Lichtsteiner,38,16-01-1984,2018/2019,Defender,Arsenal,940,Switzerland,14,0,0,0,0,2,18,3,0,21,Offensive Fullback
Stephen Ward,37,20-08-1985,2018/2019,Defender,Burnley,230,Republic of Ireland,3,0,0,0,0,1,6,1,0,22,Offensive Fullback
Steve Cook,31,19-04-1991,2018/2019,Defender,AFC Bournemouth,2787,England,31,1,1,0,0,9,53,3,0,14,Ball Playing Defender
Steve Mounie,28,29-09-1994,2018/2019,Forward,Huddersfield Town,1777,Benin,31,2,3,0,0,5,34,2,1,6,Target Man
Steven Davis,37,01-01-1985,2018/2019,Midfielder,Southampton,96,Northern Ireland,3,0,1,0,0,0,3,0,0,1,Holding DMF
Steven Defour,34,15-04-1988,2018/2019,Midfielder,Burnley,452,Belgium,6,0,0,0,0,1,12,0,0,4,Anchor Man
Stuart Armstrong,30,30-03-1992,2018/2019,Midfielder,Southampton,1432,Scotland,29,3,2,0,0,4,23,2,0,24,Box-to-Box
Sullay Kaikai,27,26-08-1995,2018/2019,Midfielder,Crystal Palace,0,England,0,0,0,0,0,0,0,0,0,23,Destroyer
Tahith Chong,22,04-12-1999,2018/2019,Forward,Manchester United,36,Netherlands,2,0,0,0,0,0,1,0,0,5,Wide Playmaker
Terence Kongolo,28,14-02-1994,2018/2019,Defender,Huddersfield Town,2722,Netherlands,32,1,1,0,0,4,62,4,0,9,Powerful Striker
Theo Walcott,33,16-03-1989,2018/2019,Forward,Everton,2122,England,37,5,2,0,0,13,33,1,0,3,Inside Winger
Tim Ream,35,05-10-1987,2018/2019,Defender,Fulham,2051,USA,26,0,0,0,0,5,47,1,0,33,Ball Playing Defender
Timothy Eyoma,22,29-01-2000,2018/2019,Defender,Tottenham Hotspur,0,England,0,0,0,0,0,0,0,0,0,13,Destroyer
Timothy Fosu-Mensah,24,02-01-1998,2018/2019,Defender,Fulham,795,Netherlands,12,0,0,0,0,1,18,3,0,11,Offensive Fullback
Toby Alderweireld,33,02-03-1989,2018/2019,Defender,Tottenham Hotspur,2924,Belgium,34,0,0,0,0,12,28,3,0,12,Ball Playing Defender
Tom Cairney,31,20-01-1991,2018/2019,Midfielder,Fulham,2198,Scotland,31,1,1,0,0,4,49,0,0,8,Orchestrator
Tom Cleverley,33,12-08-1989,2018/2019,Midfielder,Watford,470,England,13,1,0,0,0,4,7,2,0,1,Box-to-Box
Tom Davies,24,30-06-1998,2018/2019,Midfielder,Everton,975,England,16,0,0,0,0,5,18,3,0,11,Holding DMF
Tom Heaton,36,15-04-1986,2018/2019,Goalkeeper,Burnley,1710,England,19,0,0,0,0,4,23,3,0,12,Target Man
Tom Smith,30,14-04-1992,2018/2019,Defender,Huddersfield Town,1141,England,15,0,0,0,0,1,34,3,1,1,Destroyer
Trent Alexander-Arnold,24,07-10-1998,2018/2019,Defender,Liverpool,2467,England,29,1,12,0,0,16,14,3,0,17,Offensive Fullback
Troy Deeney,34,29-06-1988,2018/2019,Forward,Watford,2548,England,32,9,5,1,0,5,43,5,1,8,Powerful Striker
Tyias Browning,28,27-05-1994,2018/2019,Defender,Everton,0,England,0,0,0,0,0,0,0,0,0,3,Ball Playing Defender
Tyreke Johnson,24,03-11-1998,2018/2019,Defender,Southampton,0,England,1,0,0,0,0,0,0,0,0,16,Wide Playmaker
Tyrone Mings,29,13-03-1993,2018/2019,Defender,AFC Bournemouth,141,England,5,0,0,0,0,0,4,0,0,6,Ball Playing Defender
Vicente Guaita,35,10-01-1987,2018/2019,Goalkeeper,Crystal Palace,1755,Spain,20,0,0,0,0,7,21,2,0,22,GK Offensive
Vicente Iborra De La Fuente,34,16-01-1988,2018/2019,Midfielder,Leicester City,226,Spain,8,0,0,0,0,3,4,0,0,9,Anchor Man
Victor Camarasa,28,28-05-1994,2018/2019,Midfielder,Cardiff City,2579,Spain,32,5,4,1,0,8,48,6,0,31,Box-to-Box
Victor Lindelof,28,17-07-1994,2018/2019,Defender,Manchester United,2602,Sweden,30,1,1,0,0,6,38,1,0,15,Ball Playing Defender
Victor Moses,31,12-12-1990,2018/2019,Midfielder,Chelsea,26,Nigeria,2,0,0,0,0,1,1,0,0,9,Offensive Fullback
Victor Wanyama,31,25-06-1991,2018/2019,Midfielder,Tottenham Hotspur,509,Kenya,13,1,0,0,0,6,3,2,0,14,Holding DMF
Viktor Gyokeres,24,04-06-1998,2018/2019,Forward,Brighton & Hove Albion,0,Sweden,0,0,0,0,0,0,0,0,0,17,Target Man
Vincent Janssen,28,15-06-1994,2018/2019,Forward,Tottenham Hotspur,36,Netherlands,3,0,0,0,0,1,0,0,0,2,Powerful Striker
Vincent Kompany,36,10-04-1986,2018/2019,Defender,Manchester City,1223,Belgium,17,1,0,0,0,7,7,6,0,22,Ball Playing Defender
Virgil van Dijk,31,08-07-1991,2018/2019,Defender,Liverpool,3385,Netherlands,38,4,2,0,0,21,19,1,0,4,Ball Playing Defender
Wayne Hennessey,35,24-01-1987,2018/2019,Goalkeeper,Crystal Palace,1575,Wales,18,0,0,0,0,5,23,0,0,14,GK Offensive
Wes Morgan,38,21-01-1984,2018/2019,Defender,Leicester City,1926,Jamaica,22,3,0,0,0,6,24,5,2,30,Ball Playing Defender
Wesley Hoedt,28,06-03-1994,2018/2019,Defender,Southampton,1170,Netherlands,13,0,0,0,0,4,20,2,0,22,Ball Playing Defender
Wilfred Ndidi,25,16-12-1996,2018/2019,Midfielder,Leicester City,3299,Nigeria,38,2,0,0,0,10,42,8,0,13,Defensive Midfielder
Wilfried Zaha,29,10-11-1992,2018/2019,Midfielder,Crystal Palace,3041,Ivory Coast,34,10,5,0,0,10,45,10,1,5,Trickster
Will Hughes,27,17-04-1995,2018/2019,Midfielder,Watford,2436,England,32,2,4,0,0,5,39,5,0,18,Holding DMF
Will Norris,29,12-08-1993,2018/2019,Goalkeeper,Wolverhampton Wanderers,0,England,1,0,0,0,0,1,0,0,0,1,GK Offensive
Willian,34,09-08-1988,2018/2019,Forward,Chelsea,2108,Brazil,32,3,6,0,0,13,23,2,0,25,Wide Playmaker
Willy Boly,31,03-02-1991,2018/2019,Defender,Wolverhampton Wanderers,3169,France,36,4,0,0,0,8,38,3,1,7,Ball Playing Defender
Willy Caballero,41,28-09-1981,2018/2019,Goalkeeper,Chelsea,180,Argentina,2,0,0,0,0,2,0,0,0,23,GK Offensive
Xherdan Shaqiri,31,10-10-1991,2018/2019,Midfielder,Liverpool,1058,Switzerland,24,6,3,0,0,12,5,2,0,2,Creative Playmaker
Yan Valery,23,22-02-1999,2018/2019,Defender,Southampton,1715,France,23,2,1,0,0,3,26,5,1,6,Offensive Fullback
Yerry Mina,28,23-09-1994,2018/2019,Defender,Everton,890,Colombia,13,1,0,0,0,4,12,3,0,7,Ball Playing Defender
Yoshinori Muto,30,15-07-1992,2018/2019,Forward,Newcastle United,516,Japan,17,1,0,0,0,5,10,1,0,26,False 9
Youri Tielemans,25,07-05-1997,2018/2019,Midfielder,Leicester City,1092,Belgium,13,3,4,0,0,3,13,2,0,31,Orchestrator
Yves Bissouma,26,30-08-1996,2018/2019,Midfielder,Brighton & Hove Albion,1769,Mali,28,0,0,0,0,5,30,5,0,1,Box-to-Box
Zechariah Medley,22,07-07-2000,2018/2019,Defender,Arsenal,0,England,0,0,0,0,0,0,0,0,0,3,Ball Playing Defender
Zeze Steven Sessegnon,22,18-05-2000,2018/2019,Defender,Fulham,0,England,0,0,0,0,0,0,0,0,0,1,Offensive Fullback
Lukasz Fabianski,37,18-04-1985,2018/2019,Goalkeeper,West Ham United,3420,Poland,38,0,0,0,0,7,48,0,0,14,GK Offensive
